RNA_seq,score,kd
UUUAUAGUUUUU,-0.300378717,68
AUUAUAGUUUUU,-0.300378717,128
CUUAUAGUUUUU,-0.300378717,144
GUUAUAGUUUUU,-0.300378717,109.3
UAUAUAGUUUUU,-0.300378717,142.7
UCUAUAGUUUUU,-0.300378717,113.7
UGUAUAGUUUUU,-0.300378717,96.6
UUAAUAGUUUUU,-0.300378717,128.7
UUCAUAGUUUUU,-0.300378717,95.3
UUGAUAGUUUUU,-0.300378717,70.9
UUUCUAGUUUUU,-0.300378717,92.1
UUUGUAGUUUUU,-0.300378717,40.3
UUUUUAGUUUUU,-0.300378717,66.4
UUUAAAGUUUUU,-0.517926951,1953.3
UUUACAGUUUUU,-0.48637563,1106.7
UUUAGAGUUUUU,-0.300378717,180.3
UUUAUCGUUUUU,-0.590772647,2070
UUUAUGGUUUUU,-0.481332482,1533.3
UUUAUUGUUUUU,-0.437439455,1750
UUUAUAAUUUUU,-0.517926951,2500
UUUAUACUUUUU,-0.513610273,2460
UUUAUAUUUUUU,-0.590772647,2223.3
UUUAUAGAUUUU,-0.300378717,178.7
UUUAUAGCUUUU,-0.300378717,235.7
UUUAUAGGUUUU,-0.300378717,84
UUUAUAGUAUUU,-0.300378717,149.3
UUUAUAGUCUUU,-0.300378717,133.3
UUUAUAGUGUUU,-0.300378717,110
UUUAUAGUUAUU,-0.300378717,144.3
UUUAUAGUUCUU,-0.300378717,131
UUUAUAGUUGUU,-0.300378717,102.9
UUUAUAGUUUAU,-0.300378717,162
UUUAUAGUUUCU,-0.300378717,137.7
UUUAUAGUUUGU,-0.300378717,91.4
UUUAUAGUUUUA,-0.300378717,144
UUUAUAGUUUUC,-0.300378717,89.6
UUUAUAGUUUUG,-0.300378717,99.7